{"start": 0.0, "end": 15.0, "save_video": false, "det_thresh_person": 0.5, "det_thresh_logo": 0.4, "preview": false, "skip_frame": 3, "aoi_box": [[0.10390625, 0.12638888888888888], [0.09609375, 0.9166666666666666], [0.8421875, 0.9152777777777777], [0.83046875, 0.1125]], "aoi_flag": true}