{"start": 0.0, "end": 15.0, "save_video": false, "det_thresh_person": 0.5, "det_thresh_logo": 0.4, "preview": false, "skip_frame": 3, "aoi_box": [[0.353125, 0.016666666666666666], [0.925, 0.013888888888888888], [0.93203125, 0.6486111111111111], [0.36640625, 0.6361111111111111]], "aoi_flag": true}