{"start": 0.0, "end": 15.0, "save_video": true, "det_thresh_person": 0.5, "det_thresh_logo": 0.4, "preview": false, "skip_frame": 3, "aoi_box": [[0.17890625, 0.24861111111111112], [0.1953125, 0.7569444444444444], [0.6484375, 0.7388888888888889], [0.63671875, 0.23333333333333334]], "aoi_flag": true}